4	103719761	G	T	ALLELEID=293279	NM_001059.3(TACR3):c.-86C>A;NM_001059.3(TACR3):c.-86C>A;NM_001059.3(TACR3):c.-86C>A;NM_001059.3(TACR3):c.-86C>A;NM_001059.3(TACR3):c.-86C>A
7	21637675	A	G	ALLELEID=310708	NM_001277115.2(DNAH11):c.4790A>G (p.Tyr1597Cys);NM_001277115.2(DNAH11):c.4790A>G (p.Tyr1597Cys);NM_001277115.2(DNAH11):c.4790A>G (p.Tyr1597Cys);NM_001277115.2(DNAH11):c.4790A>G (p.Tyr1597Cys);NM_001277115.2(DNAH11):c.4790A>G (p.Tyr1597Cys);NM_001277115.2(DNAH11):c.4790A>G (p.Tyr1597Cys)
16	23635396	C	T	ALLELEID=569991	NM_024675.3(PALB2):c.1150G>A (p.Glu384Lys);NM_024675.3(PALB2):c.1150G>A (p.Glu384Lys);NM_024675.3(PALB2):c.1150G>A (p.Glu384Lys);NM_024675.3(PALB2):c.1150G>A (p.Glu384Lys);NM_024675.3(PALB2):c.1150G>A (p.Glu384Lys);NM_024675.3(PALB2):c.1150G>A (p.Glu384Lys);NM_024675.3(PALB2):c.1150G>A (p.Glu384Lys);NM_024675.3(PALB2):c.1150G>A (p.Glu384Lys)
15	48513564	G	A	ALLELEID=464971	NM_000138.4(FBN1):c.1573C>T (p.Arg525Trp);NM_000138.4(FBN1):c.1573C>T (p.Arg525Trp);NM_000138.4(FBN1):c.1573C>T (p.Arg525Trp);NM_000138.4(FBN1):c.1573C>T (p.Arg525Trp);NM_000138.4(FBN1):c.1573C>T (p.Arg525Trp);NM_000138.4(FBN1):c.1573C>T (p.Arg525Trp);NM_000138.4(FBN1):c.1573C>T (p.Arg525Trp);NM_000138.4(FBN1):c.1573C>T (p.Arg525Trp)
2	227695972	C	T	ALLELEID=561005	NM_025243.4(SLC19A3):c.1089G>A (p.Met363Ile);NM_025243.4(SLC19A3):c.1089G>A (p.Met363Ile);NM_025243.4(SLC19A3):c.1089G>A (p.Met363Ile);NM_025243.4(SLC19A3):c.1089G>A (p.Met363Ile);NM_025243.4(SLC19A3):c.1089G>A (p.Met363Ile);NM_025243.4(SLC19A3):c.1089G>A (p.Met363Ile)
12	57246847	A	T	ALLELEID=513322	NM_145064.3(STAC3):c.560T>A (p.Met187Lys);NM_145064.3(STAC3):c.560T>A (p.Met187Lys);NM_145064.3(STAC3):c.560T>A (p.Met187Lys);NM_145064.3(STAC3):c.560T>A (p.Met187Lys);NM_145064.3(STAC3):c.560T>A (p.Met187Lys);NM_145064.3(STAC3):c.560T>A (p.Met187Lys);NM_145064.3(STAC3):c.560T>A (p.Met187Lys);NM_145064.3(STAC3):c.560T>A (p.Met187Lys);NM_145064.3(STAC3):c.560T>A (p.Met187Lys);NM_145064.3(STAC3):c.560T>A (p.Met187Lys);NM_145064.3(STAC3):c.560T>A (p.Met187Lys)
X	78029370	AT	GA	ALLELEID=472017	NM_000052.7(ATP7A):c.3037_3038delinsGA (p.Met1013Glu);NM_000052.7(ATP7A):c.3037_3038delinsGA (p.Met1013Glu);NM_000052.7(ATP7A):c.3037_3038delinsGA (p.Met1013Glu);NM_000052.7(ATP7A):c.3037_3038delinsGA (p.Met1013Glu);NM_000052.7(ATP7A):c.3037_3038delinsGA (p.Met1013Glu);NM_000052.7(ATP7A):c.3037_3038delinsGA (p.Met1013Glu);NM_000052.7(ATP7A):c.3037_3038delinsGA (p.Met1013Glu);NM_000052.7(ATP7A):c.3037_3038delinsGA (p.Met1013Glu)
6	129297826	G	T	ALLELEID=634567	NM_000426.3(LAMA2):c.2998G>T (p.Ala1000Ser);NM_000426.3(LAMA2):c.2998G>T (p.Ala1000Ser);NM_000426.3(LAMA2):c.2998G>T (p.Ala1000Ser);NM_000426.3(LAMA2):c.2998G>T (p.Ala1000Ser);NM_000426.3(LAMA2):c.2998G>T (p.Ala1000Ser);NM_000426.3(LAMA2):c.2998G>T (p.Ala1000Ser);NM_000426.3(LAMA2):c.2998G>T (p.Ala1000Ser);NM_000426.3(LAMA2):c.2998G>T (p.Ala1000Ser);NM_000426.3(LAMA2):c.2998G>T (p.Ala1000Ser);NM_000426.3(LAMA2):c.2998G>T (p.Ala1000Ser)
MT	1630	A	G	ALLELEID=677677	NC_012920.1(MT-CYB):m.1630A>G
6	55759124	T	TACACAC	ALLELEID=744228	NM_021073.4(BMP5):c.1105-29GT[13];NM_021073.4(BMP5):c.1105-29GT[13];NM_021073.4(BMP5):c.1105-29GT[13];NM_021073.4(BMP5):c.1105-29GT[13];NM_021073.4(BMP5):c.1105-29GT[13];NM_021073.4(BMP5):c.1105-29GT[13];NM_021073.4(BMP5):c.1105-29GT[13]
20	63446785	CCTT	C	ALLELEID=34637	NM_172107.4(KCNQ2):c.346_348del (p.Lys116del);NM_172107.4(KCNQ2):c.346_348del (p.Lys116del);NM_172107.4(KCNQ2):c.346_348del (p.Lys116del);NM_172107.4(KCNQ2):c.346_348del (p.Lys116del);NM_172107.4(KCNQ2):c.346_348del (p.Lys116del);NM_172107.4(KCNQ2):c.346_348del (p.Lys116del);NM_172107.4(KCNQ2):c.346_348del (p.Lys116del);NM_172107.4(KCNQ2):c.346_348del (p.Lys116del);NM_172107.4(KCNQ2):c.346_348del (p.Lys116del);NM_172107.4(KCNQ2):c.346_348del (p.Lys116del);NM_172107.4(KCNQ2):c.346_348del (p.Lys116del);NM_172107.4(KCNQ2):c.346_348del (p.Lys116del);NM_172107.4(KCNQ2):c.346_348del (p.Lys116del);NM_172107.4(KCNQ2):c.346_348del (p.Lys116del)
1	152305163	TC	T	ALLELEID=404912	NM_002016.1(FLG):c.9722del (p.Gly3241fs);NM_002016.1(FLG):c.9722del (p.Gly3241fs);NM_002016.1(FLG):c.9722del (p.Gly3241fs);NM_002016.1(FLG):c.9722del (p.Gly3241fs);NM_002016.1(FLG):c.9722del (p.Gly3241fs);NM_002016.1(FLG):c.9722del (p.Gly3241fs);NM_002016.1(FLG):c.9722del (p.Gly3241fs);NM_002016.1(FLG):c.9722del (p.Gly3241fs);NM_002016.1(FLG):c.9722del (p.Gly3241fs)
7	94598884	A	G	ALLELEID=274329	NM_003919.3(SGCE):c.1144T>C (p.Trp382Arg);NM_003919.3(SGCE):c.1144T>C (p.Trp382Arg);NM_003919.3(SGCE):c.1144T>C (p.Trp382Arg);NM_003919.3(SGCE):c.1144T>C (p.Trp382Arg);NM_003919.3(SGCE):c.1144T>C (p.Trp382Arg);NM_003919.3(SGCE):c.1144T>C (p.Trp382Arg);NM_003919.3(SGCE):c.1144T>C (p.Trp382Arg);NM_003919.3(SGCE):c.1144T>C (p.Trp382Arg);NM_003919.3(SGCE):c.1144T>C (p.Trp382Arg);NM_003919.3(SGCE):c.1144T>C (p.Trp382Arg);NM_003919.3(SGCE):c.1144T>C (p.Trp382Arg);NM_003919.3(SGCE):c.1144T>C (p.Trp382Arg);NM_003919.3(SGCE):c.1144T>C (p.Trp382Arg);NM_003919.3(SGCE):c.1144T>C (p.Trp382Arg);NM_003919.3(SGCE):c.1144T>C (p.Trp382Arg);NM_003919.3(SGCE):c.1144T>C (p.Trp382Arg);NM_003919.3(SGCE):c.1144T>C (p.Trp382Arg);NM_003919.3(SGCE):c.1144T>C (p.Trp382Arg);NM_003919.3(SGCE):c.1144T>C (p.Trp382Arg);NM_003919.3(SGCE):c.1144T>C (p.Trp382Arg);NM_003919.3(SGCE):c.1144T>C (p.Trp382Arg);NM_003919.3(SGCE):c.1144T>C (p.Trp382Arg);NM_003919.3(SGCE):c.1144T>C (p.Trp382Arg);NM_003919.3(SGCE):c.1144T>C (p.Trp382Arg);NM_003919.3(SGCE):c.1144T>C (p.Trp382Arg);NM_003919.3(SGCE):c.1144T>C (p.Trp382Arg);NM_003919.3(SGCE):c.1144T>C (p.Trp382Arg)
7	148415572	T	G	ALLELEID=561398	NM_014141.6(CNTNAP2):c.3952T>G (p.Phe1318Val);NM_014141.6(CNTNAP2):c.3952T>G (p.Phe1318Val);NM_014141.6(CNTNAP2):c.3952T>G (p.Phe1318Val);NM_014141.6(CNTNAP2):c.3952T>G (p.Phe1318Val);NM_014141.6(CNTNAP2):c.3952T>G (p.Phe1318Val);NM_014141.6(CNTNAP2):c.3952T>G (p.Phe1318Val);NM_014141.6(CNTNAP2):c.3952T>G (p.Phe1318Val)
16	68737439	C	T	ALLELEID=375516	NM_004360.5(CDH1):c.24C>T (p.Leu8=);NM_004360.5(CDH1):c.24C>T (p.Leu8=);NM_004360.5(CDH1):c.24C>T (p.Leu8=);NM_004360.5(CDH1):c.24C>T (p.Leu8=);NM_004360.5(CDH1):c.24C>T (p.Leu8=);NM_004360.5(CDH1):c.24C>T (p.Leu8=);NM_004360.5(CDH1):c.24C>T (p.Leu8=);NM_004360.5(CDH1):c.24C>T (p.Leu8=);NM_004360.5(CDH1):c.24C>T (p.Leu8=);NM_004360.5(CDH1):c.24C>T (p.Leu8=);NM_004360.5(CDH1):c.24C>T (p.Leu8=);NM_004360.5(CDH1):c.24C>T (p.Leu8=)
3	69119254	GTT	G	ALLELEID=171926	NM_198271.4(LMOD3):c.1099_1100del (p.Asn367fs);NM_198271.4(LMOD3):c.1099_1100del (p.Asn367fs);NM_198271.4(LMOD3):c.1099_1100del (p.Asn367fs);NM_198271.4(LMOD3):c.1099_1100del (p.Asn367fs);NM_198271.4(LMOD3):c.1099_1100del (p.Asn367fs);NM_198271.4(LMOD3):c.1099_1100del (p.Asn367fs);NM_198271.4(LMOD3):c.1099_1100del (p.Asn367fs);NM_198271.4(LMOD3):c.1099_1100del (p.Asn367fs)
9	132902631	ATTCCT	A	ALLELEID=58107	NM_000368.4(TSC1):c.2360_2364del (p.Glu787fs);NM_000368.4(TSC1):c.2360_2364del (p.Glu787fs);NM_000368.4(TSC1):c.2360_2364del (p.Glu787fs);NM_000368.4(TSC1):c.2360_2364del (p.Glu787fs);NM_000368.4(TSC1):c.2360_2364del (p.Glu787fs);NM_000368.4(TSC1):c.2360_2364del (p.Glu787fs);NM_000368.4(TSC1):c.2360_2364del (p.Glu787fs);NM_000368.4(TSC1):c.2360_2364del (p.Glu787fs);NM_000368.4(TSC1):c.2360_2364del (p.Glu787fs);NM_000368.4(TSC1):c.2360_2364del (p.Glu787fs);NM_000368.4(TSC1):c.2360_2364del (p.Glu787fs);NM_000368.4(TSC1):c.2360_2364del (p.Glu787fs);NM_000368.4(TSC1):c.2360_2364del (p.Glu787fs);NM_000368.4(TSC1):c.2360_2364del (p.Glu787fs);NM_000368.4(TSC1):c.2360_2364del (p.Glu787fs)
2	189051397	G	T	ALLELEID=209530	NM_000393.5(COL5A2):c.2854C>A (p.Arg952Ser);NM_000393.5(COL5A2):c.2854C>A (p.Arg952Ser);NM_000393.5(COL5A2):c.2854C>A (p.Arg952Ser);NM_000393.5(COL5A2):c.2854C>A (p.Arg952Ser);NM_000393.5(COL5A2):c.2854C>A (p.Arg952Ser);NM_000393.5(COL5A2):c.2854C>A (p.Arg952Ser);NM_000393.5(COL5A2):c.2854C>A (p.Arg952Ser)
10	49616560	C	A	ALLELEID=783615	NM_020549.4(CHAT):c.345C>A (p.Val115=);NM_020549.4(CHAT):c.345C>A (p.Val115=);NM_020549.4(CHAT):c.345C>A (p.Val115=);NM_020549.4(CHAT):c.345C>A (p.Val115=);NM_020549.4(CHAT):c.345C>A (p.Val115=);NM_020549.4(CHAT):c.345C>A (p.Val115=);NM_020549.4(CHAT):c.345C>A (p.Val115=);NM_020549.4(CHAT):c.345C>A (p.Val115=);NM_020549.4(CHAT):c.345C>A (p.Val115=);NM_020549.4(CHAT):c.345C>A (p.Val115=);NM_020549.4(CHAT):c.345C>A (p.Val115=);NM_020549.4(CHAT):c.345C>A (p.Val115=)
2	21010114	C	T	ALLELEID=616360	NM_000384.3(APOB):c.6754G>A (p.Val2252Met);NM_000384.3(APOB):c.6754G>A (p.Val2252Met);NM_000384.3(APOB):c.6754G>A (p.Val2252Met);NM_000384.3(APOB):c.6754G>A (p.Val2252Met);NM_000384.3(APOB):c.6754G>A (p.Val2252Met);NM_000384.3(APOB):c.6754G>A (p.Val2252Met)
17	31357058	C	G	ALLELEID=138629	NM_000267.3(NF1):c.7774C>G (p.Pro2592Ala);NM_000267.3(NF1):c.7774C>G (p.Pro2592Ala);NM_000267.3(NF1):c.7774C>G (p.Pro2592Ala);NM_000267.3(NF1):c.7774C>G (p.Pro2592Ala);NM_000267.3(NF1):c.7774C>G (p.Pro2592Ala);NM_000267.3(NF1):c.7774C>G (p.Pro2592Ala);NM_000267.3(NF1):c.7774C>G (p.Pro2592Ala);NM_000267.3(NF1):c.7774C>G (p.Pro2592Ala);NM_000267.3(NF1):c.7774C>G (p.Pro2592Ala);NM_000267.3(NF1):c.7774C>G (p.Pro2592Ala);NM_000267.3(NF1):c.7774C>G (p.Pro2592Ala);NM_000267.3(NF1):c.7774C>G (p.Pro2592Ala)
12	76346442	CT	C	ALLELEID=358111	NM_024685.4(BBS10):c.1542del (p.Asp515fs);NM_024685.4(BBS10):c.1542del (p.Asp515fs);NM_024685.4(BBS10):c.1542del (p.Asp515fs);NM_024685.4(BBS10):c.1542del (p.Asp515fs);NM_024685.4(BBS10):c.1542del (p.Asp515fs);NM_024685.4(BBS10):c.1542del (p.Asp515fs);NM_024685.4(BBS10):c.1542del (p.Asp515fs);NM_024685.4(BBS10):c.1542del (p.Asp515fs);NM_024685.4(BBS10):c.1542del (p.Asp515fs)
X	71223934	T	G	ALLELEID=625537	NM_000166.6(GJB1):c.227T>G (p.Leu76Arg);NM_000166.6(GJB1):c.227T>G (p.Leu76Arg);NM_000166.6(GJB1):c.227T>G (p.Leu76Arg);NM_000166.6(GJB1):c.227T>G (p.Leu76Arg);NM_000166.6(GJB1):c.227T>G (p.Leu76Arg);NM_000166.6(GJB1):c.227T>G (p.Leu76Arg);NM_000166.6(GJB1):c.227T>G (p.Leu76Arg);NM_000166.6(GJB1):c.227T>G (p.Leu76Arg);NM_000166.6(GJB1):c.227T>G (p.Leu76Arg);NM_000166.6(GJB1):c.227T>G (p.Leu76Arg);NM_000166.6(GJB1):c.227T>G (p.Leu76Arg);NM_000166.6(GJB1):c.227T>G (p.Leu76Arg);NM_000166.6(GJB1):c.227T>G (p.Leu76Arg)
3	15644485	AC	A	ALLELEID=578678	NM_001370658.1(BTD):c.571del (p.Arg191fs);NM_001370658.1(BTD):c.571del (p.Arg191fs);NM_001370658.1(BTD):c.571del (p.Arg191fs);NM_001370658.1(BTD):c.571del (p.Arg191fs);NM_001370658.1(BTD):c.571del (p.Arg191fs);NM_001370658.1(BTD):c.571del (p.Arg191fs);NM_001370658.1(BTD):c.571del (p.Arg191fs);NM_001370658.1(BTD):c.571del (p.Arg191fs);NM_001370658.1(BTD):c.571del (p.Arg191fs);NM_001370658.1(BTD):c.571del (p.Arg191fs);NM_001370658.1(BTD):c.571del (p.Arg191fs);NM_001370658.1(BTD):c.571del (p.Arg191fs);NM_001370658.1(BTD):c.571del (p.Arg191fs);NM_001370658.1(BTD):c.571del (p.Arg191fs);NM_001370658.1(BTD):c.571del (p.Arg191fs);NM_001370658.1(BTD):c.571del (p.Arg191fs);NM_001370658.1(BTD):c.571del (p.Arg191fs)
2	188989414	G	T	ALLELEID=107093	NM_000090.3(COL3A1):c.655G>T (p.Gly219Cys);NM_000090.3(COL3A1):c.655G>T (p.Gly219Cys);NM_000090.3(COL3A1):c.655G>T (p.Gly219Cys);NM_000090.3(COL3A1):c.655G>T (p.Gly219Cys);NM_000090.3(COL3A1):c.655G>T (p.Gly219Cys);NM_000090.3(COL3A1):c.655G>T (p.Gly219Cys);NM_000090.3(COL3A1):c.655G>T (p.Gly219Cys);NM_000090.3(COL3A1):c.655G>T (p.Gly219Cys)
5	127420162	G	T	ALLELEID=721193	NM_001256545.2(MEGF10):c.1545G>T (p.Thr515=);NM_001256545.2(MEGF10):c.1545G>T (p.Thr515=);NM_001256545.2(MEGF10):c.1545G>T (p.Thr515=);NM_001256545.2(MEGF10):c.1545G>T (p.Thr515=);NM_001256545.2(MEGF10):c.1545G>T (p.Thr515=);NM_001256545.2(MEGF10):c.1545G>T (p.Thr515=);NM_001256545.2(MEGF10):c.1545G>T (p.Thr515=);NM_001256545.2(MEGF10):c.1545G>T (p.Thr515=);NM_001256545.2(MEGF10):c.1545G>T (p.Thr515=);NM_001256545.2(MEGF10):c.1545G>T (p.Thr515=);NM_001256545.2(MEGF10):c.1545G>T (p.Thr515=);NM_001256545.2(MEGF10):c.1545G>T (p.Thr515=);NM_001256545.2(MEGF10):c.1545G>T (p.Thr515=)
1	31369473	T	A	ALLELEID=718909	NM_004102.5(FABP3):c.158A>T (p.Lys53Ile);NM_004102.5(FABP3):c.158A>T (p.Lys53Ile);NM_004102.5(FABP3):c.158A>T (p.Lys53Ile);NM_004102.5(FABP3):c.158A>T (p.Lys53Ile);NM_004102.5(FABP3):c.158A>T (p.Lys53Ile);NM_004102.5(FABP3):c.158A>T (p.Lys53Ile);NM_004102.5(FABP3):c.158A>T (p.Lys53Ile);NM_004102.5(FABP3):c.158A>T (p.Lys53Ile)
